{"cameraMode":{"drawMode":0,"name":"Shaded","section":"Shading Mode"},"sceneLighting":false,"audioPlay":false,"sceneViewState":{"showFog":true,"showMaterialUpdate":false,"showSkybox":false,"showFlares":true,"showImageEffects":true,"showParticleSystems":true},"in2DMode":false,"pivot":{"x":1.341400146484375,"y":19.833505630493165,"z":-70.80293273925781},"rotation":{"x":-0.01062061358243227,"y":-0.9837135672569275,"z":0.16835664212703706,"w":-0.06205546483397484},"size":1015.9014892578125,"orthographic":false}