{"cameraMode":{"drawMode":0,"name":"Shaded","section":"Shading Mode"},"sceneLighting":true,"audioPlay":false,"sceneViewState":{"showFog":true,"showMaterialUpdate":false,"showSkybox":true,"showFlares":true,"showImageEffects":true,"showParticleSystems":true},"in2DMode":false,"pivot":{"x":39.48563766479492,"y":-3.8806562423706056,"z":21.028446197509767},"rotation":{"x":-0.01062061358243227,"y":-0.9837135672569275,"z":0.16835664212703706,"w":-0.06205546483397484},"size":60.088134765625,"orthographic":false}